celltype,gene,marker_group,marker_order,actual_var_name,mean_expression,fraction_expressing_pct,celltype_n,scaled_mean_expression
Stem/TA,LGR5,Stem/TA,1,LGR5,0.026741573033707864,1.752808988764045,4450,1.0
Stem/TA,OLFM4,Stem/TA,2,OLFM4,0.2440449438202247,6.224719101123596,4450,1.0
Stem/TA,MKI67,Stem/TA,3,MKI67,0.3004494382022472,10.808988764044944,4450,1.0
Stem/TA,FABP1,Enterocytes,4,FABP1,14.399101123595505,75.95505617977528,4450,0.14359366297942658
Stem/TA,ALPI,Enterocytes,5,ALPI,0.006741573033707865,0.651685393258427,4450,0.24804531525675552
Stem/TA,SLC26A3,Enterocytes,6,SLC26A3,0.46539325842696627,25.280898876404496,4450,0.039622793705343794
Stem/TA,BEST4,Enterocytes,7,BEST4,0.061348314606741575,3.50561797752809,4450,0.014095428715700058
Stem/TA,MUC2,Goblet,8,MUC2,0.6775280898876405,21.43820224719101,4450,0.03131139880500856
Stem/TA,TFF3,Goblet,9,TFF3,2.7939325842696627,34.651685393258425,4450,0.08211007938808866
Stem/TA,SPDEF,Goblet,10,SPDEF,0.06112359550561798,5.258426966292134,4450,0.14455814529358962
Stem/TA,CHGA,Enteroendocrine,11,CHGA,0.040224719101123595,1.6179775280898878,4450,0.010314503659416555
Stem/TA,NEUROD1,Enteroendocrine,12,NEUROD1,0.0011235955056179776,0.0898876404494382,4450,0.005509560417898679
Stem/TA,TPH1,Enteroendocrine,13,TPH1,0.004719101123595505,0.40449438202247195,4450,0.008192476795310209
Stem/TA,TRPM5,Tuft,14,TRPM5,0.005842696629213483,0.44943820224719105,4450,0.008598204209803248
Stem/TA,POU2F3,Tuft,15,POU2F3,0.0071910112359550565,0.6741573033707865,4450,0.009196853079760358
Stem/TA,SH2D6,Tuft,16,SH2D6,0.008089887640449439,0.7191011235955056,4450,0.004487723678734915
Stem/TA,CD8A,CD8+ T cells,17,CD8A,0.018202247191011236,1.4831460674157304,4450,0.020112253650891143
Stem/TA,NKG7,CD8+ T cells,18,NKG7,0.03056179775280899,2.337078651685393,4450,0.013952723890303219
Stem/TA,GZMB,CD8+ T cells,19,GZMB,0.0071910112359550565,0.5393258426966292,4450,0.01878958879409653
Stem/TA,LEF1,CD4+ T cells,20,LEF1,0.008764044943820225,0.7415730337078652,4450,0.07615652847733438
Stem/TA,IL7R,CD4+ T cells,21,IL7R,0.06764044943820224,3.146067415730337,4450,0.015652642566932377
Stem/TA,CD40LG,CD4+ T cells,22,CD40LG,0.006292134831460674,0.4943820224719101,4450,0.01627944535449784
Stem/TA,MS4A1,B cells,23,MS4A1,0.020674157303370785,0.7415730337078652,4450,0.0082468005041092
Stem/TA,CD79A,B cells,24,CD79A,0.03325842696629214,2.247191011235955,4450,0.0053618362254089676
Stem/TA,CD38,Plasma,25,CD38,0.039550561797752806,2.8314606741573036,4450,0.03441718928826963
Stem/TA,MZB1,Plasma,26,MZB1,0.06741573033707865,5.370786516853933,4450,0.0022199034069362066
Stem/TA,XBP1,Plasma,27,XBP1,0.4458426966292135,26.89887640449438,4450,0.04374395469523023
Stem/TA,LYZ,Myeloid,28,LYZ,0.18764044943820224,5.50561797752809,4450,0.011932836500890812
Stem/TA,C1QA,Myeloid,29,C1QA,0.12471910112359551,3.101123595505618,4450,0.009621465630703378
Stem/TA,CD68,Myeloid,30,CD68,0.043146067415730335,3.168539325842697,4450,0.02133475280220786
Enterocytes,LGR5,Stem/TA,1,LGR5,0.00022461814914645105,0.022461814914645106,4452,0.008399586249594177
Enterocytes,OLFM4,Stem/TA,2,OLFM4,0.011455525606469003,0.9883198562443846,4452,0.04694022923461056
Enterocytes,MKI67,Stem/TA,3,MKI67,0.01078167115902965,1.0332434860736748,4452,0.030764584888095418
Enterocytes,FABP1,Enterocytes,4,FABP1,97.27695417789758,94.6765498652291,4452,1.0
Enterocytes,ALPI,Enterocytes,5,ALPI,0.027178796046720573,2.6504941599281224,4452,1.0
Enterocytes,SLC26A3,Enterocytes,6,SLC26A3,10.161725067385445,75.92093441150045,4452,1.0
Enterocytes,BEST4,Enterocytes,7,BEST4,3.3942048517520216,21.181491464510334,4452,1.0
Enterocytes,MUC2,Goblet,8,MUC2,0.3436657681940701,19.474393530997304,4452,0.014821975595273824
Enterocytes,TFF3,Goblet,9,TFF3,1.2756064690026954,48.18059299191375,4452,0.0368222938323001
Enterocytes,SPDEF,Goblet,10,SPDEF,0.010332434860736747,0.9883198562443846,4452,0.024436350765681812
Enterocytes,CHGA,Enteroendocrine,11,CHGA,0.03459119496855346,1.9092542677448336,4452,0.008869944030927241
Enterocytes,NEUROD1,Enteroendocrine,12,NEUROD1,0.0017969451931716084,0.15723270440251574,4452,0.008811336517394115
Enterocytes,TPH1,Enteroendocrine,13,TPH1,0.0076370170709793355,0.44923629829290207,4452,0.013258051374774685
Enterocytes,TRPM5,Tuft,14,TRPM5,0.0017969451931716084,0.17969451931716085,4452,0.002644412795191406
Enterocytes,POU2F3,Tuft,15,POU2F3,0.004267744833782569,0.40431266846361186,4452,0.005458178402219074
Enterocytes,SH2D6,Tuft,16,SH2D6,0.0024707996406109615,0.24707996406109614,4452,0.0013706328870549695
Enterocytes,CD8A,CD8+ T cells,17,CD8A,0.012803234501347708,1.1904761904761905,4452,0.014146709312359375
Enterocytes,NKG7,CD8+ T cells,18,NKG7,0.03593890386343217,2.897574123989218,4452,0.016985557159474165
Enterocytes,GZMB,CD8+ T cells,19,GZMB,0.004492362982929021,0.44923629829290207,4452,0.011738217392987641
Enterocytes,LEF1,CD4+ T cells,20,LEF1,0.0024707996406109615,0.24707996406109614,4452,0.021470396877033185
Enterocytes,IL7R,CD4+ T cells,21,IL7R,0.014375561545372867,1.2129380053908356,4452,0.0026551605566420547
Enterocytes,CD40LG,CD4+ T cells,22,CD40LG,0.00022461814914645105,0.022461814914645106,4452,0.0005811475727403046
Enterocytes,MS4A1,B cells,23,MS4A1,0.0004492362982929021,0.04492362982929021,4452,0.0001791977335212603
Enterocytes,CD79A,B cells,24,CD79A,0.0110062893081761,1.10062893081761,4452,0.00042336409942140174
Enterocytes,CD38,Plasma,25,CD38,0.009209344115004492,0.8310871518418688,4452,0.0
Enterocytes,MZB1,Plasma,26,MZB1,0.03706199460916442,3.3917340521114108,4452,0.0
Enterocytes,XBP1,Plasma,27,XBP1,0.1655435759209344,11.97214734950584,4452,0.0022288379954278556
Enterocytes,LYZ,Myeloid,28,LYZ,0.5289757412398922,7.973944294699012,4452,0.03456575548444512
Enterocytes,C1QA,Myeloid,29,C1QA,0.3915094339622642,4.469901168014376,4452,0.03164271068812534
Enterocytes,CD68,Myeloid,30,CD68,0.14824797843665768,10.826594788858939,4452,0.07743285511700812
Goblet,LGR5,Stem/TA,1,LGR5,0.0017472335468841002,0.17472335468841002,1717,0.0653377250725567
Goblet,OLFM4,Stem/TA,2,OLFM4,0.013395457192778102,1.04834012813046,1717,0.05488930433504839
Goblet,MKI67,Stem/TA,3,MKI67,0.0244612696563774,2.03843913803145,1717,0.0765368551806436
Goblet,FABP1,Enterocytes,4,FABP1,7.087361677344205,74.78159580663949,1717,0.06803885834048246
Goblet,ALPI,Enterocytes,5,ALPI,0.0029120559114735,0.29120559114735,1717,0.10714440428000019
Goblet,SLC26A3,Enterocytes,6,SLC26A3,0.7280139778683751,25.509609784507862,1717,0.06563417180393676
Goblet,BEST4,Enterocytes,7,BEST4,0.037274315666860805,2.9702970297029703,1717,0.006974010394990852
Goblet,MUC2,Goblet,8,MUC2,20.290623179965056,97.14618520675597,1717,1.0
Goblet,TFF3,Goblet,9,TFF3,33.56726849155504,97.26266744321491,1717,1.0
Goblet,SPDEF,Goblet,10,SPDEF,0.42283051834595226,30.168899242865464,1717,1.0
Goblet,CHGA,Enteroendocrine,11,CHGA,0.023296447291788,0.8736167734420501,1717,0.005973722034912612
Goblet,NEUROD1,Enteroendocrine,12,NEUROD1,0.0005824111822947001,0.05824111822947001,1717,0.002855858341252082
Goblet,TPH1,Enteroendocrine,13,TPH1,0.007571345369831101,0.64065230052417,1717,0.01314404366998629
Goblet,TRPM5,Tuft,14,TRPM5,0.0017472335468841002,0.11648223645894001,1717,0.0025712563550215795
Goblet,POU2F3,Tuft,15,POU2F3,0.0064065230052417,0.52417006406523,1717,0.008193541756229423
Goblet,SH2D6,Tuft,16,SH2D6,0.0052417006406523005,0.46592894583576006,1717,0.0029077417545676134
Goblet,CD8A,CD8+ T cells,17,CD8A,0.0034944670937682005,0.34944670937682004,1717,0.0038611501001516685
Goblet,NKG7,CD8+ T cells,18,NKG7,0.005824111822947,0.5824111822947,1717,0.0
Goblet,GZMB,CD8+ T cells,19,GZMB,0.0052417006406523005,0.52417006406523,1717,0.013696182134601886
Goblet,LEF1,CD4+ T cells,20,LEF1,0.0005824111822947001,0.05824111822947001,1717,0.0050609523426987735
Goblet,IL7R,CD4+ T cells,21,IL7R,0.0034944670937682005,0.29120559114735,1717,0.0
Goblet,CD40LG,CD4+ T cells,22,CD40LG,0.0,0.0,1717,0.0
Goblet,MS4A1,B cells,23,MS4A1,0.0011648223645894002,0.11648223645894001,1717,0.0004646408326363721
Goblet,CD79A,B cells,24,CD79A,0.021549213744903904,1.3977868375072802,1717,0.0027631814804352822
Goblet,CD38,Plasma,25,CD38,0.0122306348281887,0.7571345369831101,1717,0.003427164178373646
Goblet,MZB1,Plasma,26,MZB1,0.08328479906814211,3.669190448456611,1717,0.0033804788318779226
Goblet,XBP1,Plasma,27,XBP1,1.163075131042516,57.25101921956901,1717,0.1499732862047676
Goblet,LYZ,Myeloid,28,LYZ,0.07047175305765871,6.29004076878276,1717,0.004163731822051435
Goblet,C1QA,Myeloid,29,C1QA,0.008153756552125802,0.8153756552125802,1717,0.0
Goblet,CD68,Myeloid,30,CD68,0.020966802562609202,1.9801980198019802,1717,0.009496579196118998
Enteroendocrine,LGR5,Stem/TA,1,LGR5,0.008944543828264758,0.8944543828264758,559,0.3344808406367914
Enteroendocrine,OLFM4,Stem/TA,2,OLFM4,0.012522361359570662,1.2522361359570662,559,0.051311701703581444
Enteroendocrine,MKI67,Stem/TA,3,MKI67,0.007155635062611807,0.7155635062611807,559,0.018631779650576708
Enteroendocrine,FABP1,Enterocytes,4,FABP1,1.4543828264758498,56.35062611806798,559,0.009831284104386656
Enteroendocrine,ALPI,Enterocytes,5,ALPI,0.0,0.0,559,0.0
Enteroendocrine,SLC26A3,Enterocytes,6,SLC26A3,0.23076923076923078,18.425760286225405,559,0.01638435955817949
Enteroendocrine,BEST4,Enterocytes,7,BEST4,0.03756708407871199,2.5044722719141324,559,0.007060615297528589
Enteroendocrine,MUC2,Goblet,8,MUC2,0.23971377459749552,10.37567084078712,559,0.009687798107935743
Enteroendocrine,TFF3,Goblet,9,TFF3,0.6028622540250447,20.39355992844365,559,0.016756054152000502
Enteroendocrine,SPDEF,Goblet,10,SPDEF,0.0035778175313059034,0.17889087656529518,559,0.008461587742771675
Enteroendocrine,CHGA,Enteroendocrine,11,CHGA,3.8998211091234345,10.196779964221825,559,1.0
Enteroendocrine,NEUROD1,Enteroendocrine,12,NEUROD1,0.2039355992844365,6.440071556350627,559,1.0
Enteroendocrine,TPH1,Enteroendocrine,13,TPH1,0.5760286225402504,5.008944543828265,559,1.0
Enteroendocrine,TRPM5,Tuft,14,TRPM5,0.0,0.0,559,0.0
Enteroendocrine,POU2F3,Tuft,15,POU2F3,0.0,0.0,559,0.0
Enteroendocrine,SH2D6,Tuft,16,SH2D6,0.007155635062611807,0.7155635062611807,559,0.003969463400987949
Enteroendocrine,CD8A,CD8+ T cells,17,CD8A,0.0,0.0,559,0.0
Enteroendocrine,NKG7,CD8+ T cells,18,NKG7,0.008944543828264758,0.8944543828264758,559,0.001760008042470396
Enteroendocrine,GZMB,CD8+ T cells,19,GZMB,0.0,0.0,559,0.0
Enteroendocrine,LEF1,CD4+ T cells,20,LEF1,0.02146690518783542,1.4311270125223614,559,0.18654000370119053
Enteroendocrine,IL7R,CD4+ T cells,21,IL7R,0.05366726296958855,1.6100178890876566,559,0.012242962251493504
Enteroendocrine,CD40LG,CD4+ T cells,22,CD40LG,0.0017889087656529517,0.17889087656529518,559,0.0046283881821821745
Enteroendocrine,MS4A1,B cells,23,MS4A1,0.0035778175313059034,0.35778175313059035,559,0.0014271705002444558
Enteroendocrine,CD79A,B cells,24,CD79A,0.1001788908765653,5.18783542039356,559,0.020213660834650628
Enteroendocrine,CD38,Plasma,25,CD38,0.09123434704830054,5.18783542039356,559,0.09304405913581013
Enteroendocrine,MZB1,Plasma,26,MZB1,0.2629695885509839,13.237924865831843,559,0.01652162494723896
Enteroendocrine,XBP1,Plasma,27,XBP1,0.6010733452593918,33.273703041144906,559,0.06673517377927042
Enteroendocrine,LYZ,Myeloid,28,LYZ,0.13059033989266547,4.83005366726297,559,0.008150014922343924
Enteroendocrine,C1QA,Myeloid,29,C1QA,0.06440071556350627,4.114490161001789,559,0.004642702210928276
Enteroendocrine,CD68,Myeloid,30,CD68,0.03756708407871199,3.5778175313059033,559,0.01835697271226921
Tuft,LGR5,Stem/TA,1,LGR5,0.0,0.0,674,0.0
Tuft,OLFM4,Stem/TA,2,OLFM4,0.013353115727002967,1.1869436201780417,674,0.054715805695362066
Tuft,MKI67,Stem/TA,3,MKI67,0.005934718100890208,0.5934718100890208,674,0.014546561711796361
Tuft,FABP1,Enterocytes,4,FABP1,1.2967359050445104,60.089020771513354,674,0.008202262386882413
Tuft,ALPI,Enterocytes,5,ALPI,0.0,0.0,674,0.0
Tuft,SLC26A3,Enterocytes,6,SLC26A3,0.1884272997032641,15.875370919881307,674,0.012190585431278824
Tuft,BEST4,Enterocytes,7,BEST4,0.06083086053412463,4.154302670623145,674,0.013942358720056112
Tuft,MUC2,Goblet,8,MUC2,0.11275964391691394,9.792284866468842,674,0.0034175476094758755
Tuft,TFF3,Goblet,9,TFF3,0.5118694362017804,30.86053412462908,674,0.014041971071125378
Tuft,SPDEF,Goblet,10,SPDEF,0.002967359050445104,0.2967359050445104,674,0.007017845027016864
Tuft,CHGA,Enteroendocrine,11,CHGA,0.004451038575667656,0.44510385756676557,674,0.0011413442953202844
Tuft,NEUROD1,Enteroendocrine,12,NEUROD1,0.0,0.0,674,0.0
Tuft,TPH1,Enteroendocrine,13,TPH1,0.001483679525222552,0.1483679525222552,674,0.0025757045173894614
Tuft,TRPM5,Tuft,14,TRPM5,0.6795252225519288,37.24035608308605,674,1.0
Tuft,POU2F3,Tuft,15,POU2F3,0.7818991097922848,32.34421364985163,674,1.0
Tuft,SH2D6,Tuft,16,SH2D6,1.8026706231454006,49.40652818991098,674,1.0
Tuft,CD8A,CD8+ T cells,17,CD8A,0.00741839762611276,0.741839762611276,674,0.008196828291246804
Tuft,NKG7,CD8+ T cells,18,NKG7,0.06528189910979229,4.154302670623145,674,0.03353580005396897
Tuft,GZMB,CD8+ T cells,19,GZMB,0.001483679525222552,0.1483679525222552,674,0.0038767465751914673
Tuft,LEF1,CD4+ T cells,20,LEF1,0.00741839762611276,0.5934718100890208,674,0.06446331730277295
Tuft,IL7R,CD4+ T cells,21,IL7R,0.02225519287833828,1.1869436201780417,674,0.004577916250862249
Tuft,CD40LG,CD4+ T cells,22,CD40LG,0.001483679525222552,0.1483679525222552,674,0.003838678032403317
Tuft,MS4A1,B cells,23,MS4A1,0.0,0.0,674,0.0
Tuft,CD79A,B cells,24,CD79A,0.02225519287833828,2.225519287833828,674,0.00291986118130541
Tuft,CD38,Plasma,25,CD38,0.07418397626112759,5.786350148367952,674,0.0737031795128088
Tuft,MZB1,Plasma,26,MZB1,0.06528189910979229,6.528189910979229,674,0.0020638468591115625
Tuft,XBP1,Plasma,27,XBP1,0.19732937685459942,14.985163204747776,674,0.006936634551561733
Tuft,LYZ,Myeloid,28,LYZ,3.2893175074183976,23.293768545994066,674,0.21759573527667822
Tuft,C1QA,Myeloid,29,C1QA,3.120178041543027,17.50741839762611,674,0.2568708119040966
Tuft,CD68,Myeloid,30,CD68,0.5667655786350149,15.727002967359049,674,0.30081645422014225
CD8+ T cells,LGR5,Stem/TA,1,LGR5,0.0002843332385555871,0.028433323855558714,3517,0.010632629509011452
CD8+ T cells,OLFM4,Stem/TA,2,OLFM4,0.006539664486778504,0.6539664486778505,3517,0.026796967740482822
CD8+ T cells,MKI67,Stem/TA,3,MKI67,0.020187659937446686,1.5353994882001705,3517,0.062237252804325044
CD8+ T cells,FABP1,Enterocytes,4,FABP1,1.382996872334376,66.98891100369633,3517,0.009093627646744564
CD8+ T cells,ALPI,Enterocytes,5,ALPI,0.0017059994313335229,0.17059994313335228,3517,0.06276949973799045
CD8+ T cells,SLC26A3,Enterocytes,6,SLC26A3,0.22348592550469148,18.879727040090987,3517,0.01566298156695945
CD8+ T cells,BEST4,Enterocytes,7,BEST4,0.019050326983224338,1.8197327267557577,3517,0.0015831051610019718
CD8+ T cells,MUC2,Goblet,8,MUC2,0.10747796417401194,9.610463463178846,3517,0.0031566860300762997
CD8+ T cells,TFF3,Goblet,9,TFF3,0.181120272959909,16.093261302246233,3517,0.0041765692796132585
CD8+ T cells,SPDEF,Goblet,10,SPDEF,0.00199033266988911,0.199033266988911,3517,0.004707164179338294
CD8+ T cells,CHGA,Enteroendocrine,11,CHGA,0.007676997441000853,0.7676997441000852,3517,0.001968551178678659
CD8+ T cells,NEUROD1,Enteroendocrine,12,NEUROD1,0.0002843332385555871,0.028433323855558714,3517,0.0013942305294085367
CD8+ T cells,TPH1,Enteroendocrine,13,TPH1,0.0025589991470002845,0.25589991470002843,3517,0.004442486096811053
CD8+ T cells,TRPM5,Tuft,14,TRPM5,0.0005686664771111743,0.05686664771111743,3517,0.0008368585274518153
CD8+ T cells,POU2F3,Tuft,15,POU2F3,0.0017059994313335229,0.17059994313335228,3517,0.002181866445386707
CD8+ T cells,SH2D6,Tuft,16,SH2D6,0.0028433323855558716,0.2843332385555872,3517,0.0015772889118227634
CD8+ T cells,CD8A,CD8+ T cells,17,CD8A,0.9050326983224339,40.545919818026725,3517,1.0
CD8+ T cells,NKG7,CD8+ T cells,18,NKG7,1.7787887404037532,60.93261302246232,3517,1.0
CD8+ T cells,GZMB,CD8+ T cells,19,GZMB,0.3827125390958203,20.870059709980097,3517,1.0
CD8+ T cells,LEF1,CD4+ T cells,20,LEF1,0.01791299402900199,1.4500995166334945,3517,0.15565774121753453
CD8+ T cells,IL7R,CD4+ T cells,21,IL7R,0.9212396929201023,29.712823429058854,3517,0.22394446951071925
CD8+ T cells,CD40LG,CD4+ T cells,22,CD40LG,0.06738697753767416,4.663065112311629,3517,0.17434823757180581
CD8+ T cells,MS4A1,B cells,23,MS4A1,0.00597099800966733,0.5117998294000569,3517,0.0023817962044881532
CD8+ T cells,CD79A,B cells,24,CD79A,0.009098663633778788,0.9098663633778789,3517,0.0
CD8+ T cells,CD38,Plasma,25,CD38,0.0864373045208985,7.421097526300826,3517,0.08760259259956923
CD8+ T cells,MZB1,Plasma,26,MZB1,0.04350298549900483,4.179698606767131,3517,0.00047105824958647736
CD8+ T cells,XBP1,Plasma,27,XBP1,0.172874609041797,14.1882286039238,3517,0.003314637675332942
CD8+ T cells,LYZ,Myeloid,28,LYZ,0.007676997441000853,0.6539664486778505,3517,0.0
CD8+ T cells,C1QA,Myeloid,29,C1QA,0.011373329542223486,0.7676997441000852,3517,0.00026574803157530965
CD8+ T cells,CD68,Myeloid,30,CD68,0.00597099800966733,0.48336650554449817,3517,0.0014925746073139654
CD4+ T cells,LGR5,Stem/TA,1,LGR5,0.0007936507936507937,0.07936507936507936,1260,0.02967853808189943
CD4+ T cells,OLFM4,Stem/TA,2,OLFM4,0.0015873015873015873,0.15873015873015872,1260,0.006504136338390482
CD4+ T cells,MKI67,Stem/TA,3,MKI67,0.0015873015873015873,0.15873015873015872,1260,0.0
CD4+ T cells,FABP1,Enterocytes,4,FABP1,0.5047619047619047,33.65079365079365,1260,1.8513320009717727e-05
CD4+ T cells,ALPI,Enterocytes,5,ALPI,0.0,0.0,1260,0.0
CD4+ T cells,SLC26A3,Enterocytes,6,SLC26A3,0.07301587301587302,6.984126984126984,1260,0.0007596127995344112
CD4+ T cells,BEST4,Enterocytes,7,BEST4,0.020634920634920634,2.0634920634920633,1260,0.0020518496471278566
CD4+ T cells,MUC2,Goblet,8,MUC2,0.050793650793650794,4.603174603174604,1260,0.00035705405022115903
CD4+ T cells,TFF3,Goblet,9,TFF3,0.0873015873015873,8.015873015873016,1260,0.0013781977871536587
CD4+ T cells,SPDEF,Goblet,10,SPDEF,0.002380952380952381,0.2380952380952381,1260,0.005630985176439722
CD4+ T cells,CHGA,Enteroendocrine,11,CHGA,0.0031746031746031746,0.31746031746031744,1260,0.0008140381534876948
CD4+ T cells,NEUROD1,Enteroendocrine,12,NEUROD1,0.0,0.0,1260,0.0
CD4+ T cells,TPH1,Enteroendocrine,13,TPH1,0.002380952380952381,0.2380952380952381,1260,0.004133392487429755
CD4+ T cells,TRPM5,Tuft,14,TRPM5,0.0007936507936507937,0.07936507936507936,1260,0.0011679489845428709
CD4+ T cells,POU2F3,Tuft,15,POU2F3,0.0,0.0,1260,0.0
CD4+ T cells,SH2D6,Tuft,16,SH2D6,0.002380952380952381,0.2380952380952381,1260,0.0013207916911620616
CD4+ T cells,CD8A,CD8+ T cells,17,CD8A,0.10952380952380952,5.396825396825397,1260,0.1210164115913409
CD4+ T cells,NKG7,CD8+ T cells,18,NKG7,0.1373015873015873,7.4603174603174605,1260,0.07415685195247422
CD4+ T cells,GZMB,CD8+ T cells,19,GZMB,0.004761904761904762,0.4761904761904762,1260,0.012442510436566901
CD4+ T cells,LEF1,CD4+ T cells,20,LEF1,0.11507936507936507,9.841269841269842,1260,1.0
CD4+ T cells,IL7R,CD4+ T cells,21,IL7R,4.101587301587301,76.5079365079365,1260,1.0
CD4+ T cells,CD40LG,CD4+ T cells,22,CD40LG,0.3865079365079365,27.142857142857142,1260,1.0
CD4+ T cells,MS4A1,B cells,23,MS4A1,0.03571428571428571,2.2222222222222223,1260,0.014246219814940193
CD4+ T cells,CD79A,B cells,24,CD79A,0.07698412698412699,4.761904761904762,1260,0.015065989329486685
CD4+ T cells,CD38,Plasma,25,CD38,0.02619047619047619,2.301587301587302,1260,0.019262339536983194
CD4+ T cells,MZB1,Plasma,26,MZB1,0.050793650793650794,4.920634920634921,1260,0.0010042569593430594
CD4+ T cells,XBP1,Plasma,27,XBP1,0.29365079365079366,23.809523809523807,1260,0.02120280438070668
CD4+ T cells,LYZ,Myeloid,28,LYZ,0.013492063492063493,1.3492063492063493,1260,0.00038557958107121864
CD4+ T cells,C1QA,Myeloid,29,C1QA,0.010317460317460317,0.9523809523809524,1260,0.00017859511752590744
CD4+ T cells,CD68,Myeloid,30,CD68,0.0031746031746031746,0.31746031746031744,1260,0.0
B cells,LGR5,Stem/TA,1,LGR5,0.0,0.0,505,0.0
B cells,OLFM4,Stem/TA,2,OLFM4,0.0,0.0,505,0.0
B cells,MKI67,Stem/TA,3,MKI67,0.0039603960396039604,0.39603960396039606,505,0.007940431930190847
B cells,FABP1,Enterocytes,4,FABP1,0.502970297029703,34.05940594059406,505,0.0
B cells,ALPI,Enterocytes,5,ALPI,0.0,0.0,505,0.0
B cells,SLC26A3,Enterocytes,6,SLC26A3,0.06534653465346535,5.544554455445545,505,0.0
B cells,BEST4,Enterocytes,7,BEST4,0.01782178217821782,1.5841584158415842,505,0.0012196847959835097
B cells,MUC2,Goblet,8,MUC2,0.04356435643564356,4.356435643564356,505,0.0
B cells,TFF3,Goblet,9,TFF3,0.0891089108910891,8.316831683168317,505,0.001432105628379774
B cells,SPDEF,Goblet,10,SPDEF,0.005940594059405941,0.594059405940594,505,0.014049586776859503
B cells,CHGA,Enteroendocrine,11,CHGA,0.0019801980198019802,0.19801980198019803,505,0.0005077663729675721
B cells,NEUROD1,Enteroendocrine,12,NEUROD1,0.0,0.0,505,0.0
B cells,TPH1,Enteroendocrine,13,TPH1,0.0,0.0,505,0.0
B cells,TRPM5,Tuft,14,TRPM5,0.0,0.0,505,0.0
B cells,POU2F3,Tuft,15,POU2F3,0.0,0.0,505,0.0
B cells,SH2D6,Tuft,16,SH2D6,0.0,0.0,505,0.0
B cells,CD8A,CD8+ T cells,17,CD8A,0.0019801980198019802,0.19801980198019803,505,0.002187985056752612
B cells,NKG7,CD8+ T cells,18,NKG7,0.011881188118811881,1.188118811881188,505,0.0034163548433074776
B cells,GZMB,CD8+ T cells,19,GZMB,0.0,0.0,505,0.0
B cells,LEF1,CD4+ T cells,20,LEF1,0.0,0.0,505,0.0
B cells,IL7R,CD4+ T cells,21,IL7R,0.005940594059405941,0.594059405940594,505,0.0005968939856727396
B cells,CD40LG,CD4+ T cells,22,CD40LG,0.0,0.0,505,0.0
B cells,MS4A1,B cells,23,MS4A1,2.506930693069307,83.36633663366337,505,1.0
B cells,CD79A,B cells,24,CD79A,4.366336633663367,92.47524752475248,505,0.9670126345563682
B cells,CD38,Plasma,25,CD38,0.07128712871287128,6.534653465346535,505,0.07041717591697136
B cells,MZB1,Plasma,26,MZB1,0.12673267326732673,11.08910891089109,505,0.0065580146984173145
B cells,XBP1,Plasma,27,XBP1,0.1504950495049505,13.465346534653467,505,0.0
B cells,LYZ,Myeloid,28,LYZ,0.2198019801980198,3.1683168316831685,505,0.01406537110120089
B cells,C1QA,Myeloid,29,C1QA,0.041584158415841586,1.9801980198019802,505,0.0027593918564289117
B cells,CD68,Myeloid,30,CD68,0.02178217821782178,2.178217821782178,505,0.009931785620881387
Plasma,LGR5,Stem/TA,1,LGR5,0.002348796241926013,0.23487962419260128,3406,0.08783313677790552
Plasma,OLFM4,Stem/TA,2,OLFM4,0.012331180270111567,1.2331180270111568,3406,0.05052831694474814
Plasma,MKI67,Stem/TA,3,MKI67,0.004697592483852026,0.46975924838520255,3406,0.010407109216908737
Plasma,FABP1,Enterocytes,4,FABP1,1.5155607751027598,61.098062243100415,3406,0.01046345760984265
Plasma,ALPI,Enterocytes,5,ALPI,0.001467997651203758,0.1467997651203758,3406,0.054012607794703564
Plasma,SLC26A3,Enterocytes,6,SLC26A3,0.17381092190252495,15.179095713446857,3406,0.010742900228772445
Plasma,BEST4,Enterocytes,7,BEST4,0.02701115678214915,2.6423957721667644,3406,0.003938027553400803
Plasma,MUC2,Goblet,8,MUC2,0.12947739283617146,12.096300645918967,3406,0.004243235382942981
Plasma,TFF3,Goblet,9,TFF3,0.24897240164415738,20.75748678802114,3406,0.006200424775779645
Plasma,SPDEF,Goblet,10,SPDEF,0.002055196711685261,0.2055196711685261,3406,0.004860568531630294
Plasma,CHGA,Enteroendocrine,11,CHGA,0.0064591896652965355,0.6459189665296535,3406,0.0016562784508719099
Plasma,NEUROD1,Enteroendocrine,12,NEUROD1,0.0005871990604815032,0.05871990604815032,3406,0.0028793357439400027
Plasma,TPH1,Enteroendocrine,13,TPH1,0.0008807985907222549,0.08807985907222549,3406,0.0015290882366886351
Plasma,TRPM5,Tuft,14,TRPM5,0.0026423957721667646,0.26423957721667646,3406,0.0038885911581668106
Plasma,POU2F3,Tuft,15,POU2F3,0.0011743981209630064,0.11743981209630064,3406,0.0015019816575504105
Plasma,SH2D6,Tuft,16,SH2D6,0.005578391074574281,0.5578391074574282,3406,0.003094514884167132
Plasma,CD8A,CD8+ T cells,17,CD8A,0.001467997651203758,0.1467997651203758,3406,0.0016220382467117865
Plasma,NKG7,CD8+ T cells,18,NKG7,0.007046388725778039,0.7046388725778039,3406,0.0006893972294356638
Plasma,GZMB,CD8+ T cells,19,GZMB,0.0,0.0,3406,0.0
Plasma,LEF1,CD4+ T cells,20,LEF1,0.01086318261890781,0.9395184967704051,3406,0.09439731103326787
Plasma,IL7R,CD4+ T cells,21,IL7R,0.004697592483852026,0.46975924838520255,3406,0.00029358178027524227
Plasma,CD40LG,CD4+ T cells,22,CD40LG,0.0005871990604815032,0.05871990604815032,3406,0.0015192419223956756
Plasma,MS4A1,B cells,23,MS4A1,0.0064591896652965355,0.5284791544333529,3406,0.002576533002349724
Plasma,CD79A,B cells,24,CD79A,4.514973576042278,86.20082207868467,3406,1.0
Plasma,CD38,Plasma,25,CD38,0.8907809747504404,48.708162066940695,3406,1.0
Plasma,MZB1,Plasma,26,MZB1,13.710510863182618,97.1520845566647,3406,1.0
Plasma,XBP1,Plasma,27,XBP1,6.90223135642983,92.63065179095713,3406,1.0
Plasma,LYZ,Myeloid,28,LYZ,0.03141514973576042,3.1121550205519672,3406,0.0015740056496083275
Plasma,C1QA,Myeloid,29,C1QA,0.03816793893129771,3.69935408103347,3406,0.00247741234975551
Plasma,CD68,Myeloid,30,CD68,0.028772753963593658,2.8185554903112156,3406,0.013663002585600395
Myeloid,LGR5,Stem/TA,1,LGR5,0.0,0.0,146,0.0
Myeloid,OLFM4,Stem/TA,2,OLFM4,0.00684931506849315,0.684931506849315,146,0.02806579378894523
Myeloid,MKI67,Stem/TA,3,MKI67,0.02054794520547945,2.054794520547945,146,0.06344277610049608
Myeloid,FABP1,Enterocytes,4,FABP1,0.5958904109589042,38.35616438356164,146,0.0009601765908861318
Myeloid,ALPI,Enterocytes,5,ALPI,0.0,0.0,146,0.0
Myeloid,SLC26A3,Enterocytes,6,SLC26A3,0.07534246575342465,7.534246575342466,146,0.0009900511423529704
Myeloid,BEST4,Enterocytes,7,BEST4,0.0136986301369863,1.36986301369863,146,0.0
Myeloid,MUC2,Goblet,8,MUC2,0.06164383561643835,6.164383561643835,146,0.0008929434807481447
Myeloid,TFF3,Goblet,9,TFF3,0.0410958904109589,3.4246575342465753,146,0.0
Myeloid,SPDEF,Goblet,10,SPDEF,0.0,0.0,146,0.0
Myeloid,CHGA,Enteroendocrine,11,CHGA,0.0,0.0,146,0.0
Myeloid,NEUROD1,Enteroendocrine,12,NEUROD1,0.0,0.0,146,0.0
Myeloid,TPH1,Enteroendocrine,13,TPH1,0.00684931506849315,0.684931506849315,146,0.011890581128222581
Myeloid,TRPM5,Tuft,14,TRPM5,0.00684931506849315,0.684931506849315,146,0.010079559729616556
Myeloid,POU2F3,Tuft,15,POU2F3,0.0,0.0,146,0.0
Myeloid,SH2D6,Tuft,16,SH2D6,0.00684931506849315,0.684931506849315,146,0.003799537741699081
Myeloid,CD8A,CD8+ T cells,17,CD8A,0.0,0.0,146,0.0
Myeloid,NKG7,CD8+ T cells,18,NKG7,0.17123287671232876,11.643835616438356,146,0.0932950168451953
Myeloid,GZMB,CD8+ T cells,19,GZMB,0.0,0.0,146,0.0
Myeloid,LEF1,CD4+ T cells,20,LEF1,0.0,0.0,146,0.0
Myeloid,IL7R,CD4+ T cells,21,IL7R,0.00684931506849315,0.684931506849315,146,0.0008186364023985226
Myeloid,CD40LG,CD4+ T cells,22,CD40LG,0.0,0.0,146,0.0
Myeloid,MS4A1,B cells,23,MS4A1,0.0,0.0,146,0.0
Myeloid,CD79A,B cells,24,CD79A,0.0136986301369863,1.36986301369863,146,0.0010208819802209554
Myeloid,CD38,Plasma,25,CD38,0.10273972602739725,9.58904109589041,146,0.106095045101413
Myeloid,MZB1,Plasma,26,MZB1,0.07534246575342465,7.534246575342466,146,0.0027996207476405346
Myeloid,XBP1,Plasma,27,XBP1,0.3287671232876712,26.027397260273972,146,0.02640388570861054
Myeloid,LYZ,Myeloid,28,LYZ,15.08904109589041,90.41095890410958,146,1.0
Myeloid,C1QA,Myeloid,29,C1QA,12.123287671232877,89.72602739726028,146,1.0
Myeloid,CD68,Myeloid,30,CD68,1.8767123287671232,69.17808219178082,146,1.0
